Sample in Buffer,Sample in Window,TRIGGER,lane0_byte_data[7:0],lane1_byte_data[7:0]
Radix - UNSIGNED,UNSIGNED,UNSIGNED,HEX,HEX
0,0,0,a9,70
1,1,0,6f,76
2,2,0,6f,3c
3,3,0,6f,77
4,4,0,71,76
5,5,0,c9,75
6,6,0,76,72
7,7,0,73,78
8,8,0,73,6d
9,9,0,71,71
10,10,0,a2,66
11,11,0,72,6c
12,12,0,77,6b
13,13,0,6e,6e
14,14,0,61,72
15,15,0,79,6a
16,16,0,6b,68
17,17,0,64,cf
18,18,0,67,69
19,19,0,6e,6d
20,20,0,b4,65
21,21,0,66,5e
22,22,0,64,34
23,23,0,66,69
24,24,0,66,64
25,25,0,24,5e
26,26,0,6b,66
27,27,0,64,52
28,28,0,67,68
29,29,0,5e,66
30,30,0,c4,60
31,31,0,6a,63
32,32,0,69,83
33,33,0,5c,5f
34,34,0,60,5f
35,35,0,27,5e
36,36,0,65,68
37,37,0,62,57
38,38,0,62,65
39,39,0,5f,63
40,40,0,63,68
41,41,0,62,61
42,42,0,6a,93
43,43,0,60,67
44,44,0,5d,66
45,45,0,52,64
46,46,0,63,61
47,47,0,68,c0
48,48,0,62,6d
49,49,0,66,6b
50,50,0,0c,68
51,51,0,6c,64
52,52,0,6a,dc
53,53,0,6c,61
54,54,0,68,6c
55,55,0,09,67
56,56,0,72,69
57,57,0,71,b8
58,58,0,6f,6f
59,59,0,6c,76
60,60,0,6e,6e
61,61,0,70,6f
62,62,0,72,32
63,63,0,6e,6e
64,64,0,69,73
65,65,0,f3,62
66,66,0,6c,6c
67,67,0,6d,ef
68,68,0,72,6e
69,69,0,6f,74
70,70,0,5c,68
71,71,0,70,6f
72,72,0,76,dd
73,73,0,6f,73
74,74,0,6f,72
75,75,0,6d,73
76,76,0,73,71
77,77,0,6d,ae
78,78,0,73,71
79,79,0,6d,76
80,80,0,69,77
81,81,0,74,6e
82,82,0,6f,f1
83,83,0,76,71
84,84,0,71,74
85,85,0,2a,70
86,86,0,6b,72
87,87,0,6f,25
88,88,0,70,70
89,89,0,74,78
90,90,0,51,74
91,91,0,77,6f
92,92,0,6b,24
93,93,0,71,6c
94,94,0,72,6b
95,95,0,44,6e
96,96,0,6c,70
97,97,0,77,24
98,98,0,6c,75
99,99,0,66,72
100,100,0,f8,6c
101,101,0,6d,6c
102,102,0,6d,dc
103,103,0,6f,6a
104,104,0,6a,6e
105,105,0,d7,66
106,106,0,6a,70
107,107,0,6f,0a
108,108,0,65,6d
109,109,0,6f,67
110,110,0,2f,6f
111,111,0,6f,66
112,112,0,68,d5
113,113,0,68,6a
114,114,0,61,70
115,115,0,49,64
116,116,0,66,69
117,117,0,67,95
118,118,0,6a,5f
119,119,0,68,69
120,120,0,de,67
121,121,0,68,66
122,122,0,69,c4
123,123,0,64,69
124,124,0,66,67
125,125,0,a9,69
126,126,0,67,68
127,127,0,62,c4
128,128,0,62,66
129,129,0,63,60
130,130,0,86,64
131,131,0,6a,63
132,132,0,61,3a
133,133,0,66,5e
134,134,0,62,63
135,135,0,ab,5c
136,136,0,66,63
137,137,0,67,f8
138,138,0,5f,60
139,139,0,60,66
140,140,0,3d,65
141,141,0,5d,61
142,142,0,60,2b
143,143,0,61,62
144,144,0,60,61
145,145,0,64,5f
146,146,0,60,67
147,147,0,64,f1
148,148,0,66,61
149,149,0,64,64
150,150,0,47,5f
151,151,0,66,66
152,152,0,67,1e
153,153,0,65,66
154,154,0,5e,6f
155,155,0,00,66
156,156,0,64,61
157,157,0,67,03
158,158,0,62,63
159,159,0,6a,67
160,160,0,7e,63
161,161,0,67,6c
162,162,0,68,c4
163,163,0,62,69
164,164,0,67,67
165,165,0,eb,65
166,166,0,6a,67
167,167,0,6e,f8
168,168,0,63,6d
169,169,0,68,65
170,170,0,8b,69
171,171,0,66,64
172,172,0,68,dc
173,173,0,64,6f
174,174,0,65,69
175,175,0,43,70
176,176,0,6f,6c
177,177,0,6e,02
178,178,0,60,6b
179,179,0,69,6d
180,180,0,bb,6a
181,181,0,6b,6d
182,182,0,6c,90
183,183,0,70,69
184,184,0,6e,6d
185,185,0,e4,6a
186,186,0,6e,69
187,187,0,74,a0
188,188,0,6c,69
189,189,0,6e,68
190,190,0,d8,68
191,191,0,6c,68
192,192,0,68,d4
193,193,0,69,6e
194,194,0,69,6e
195,195,0,ec,65
196,196,0,69,67
197,197,0,6f,df
198,198,0,6f,6a
199,199,0,6b,6d
200,200,0,d6,65
201,201,0,6a,6a
202,202,0,6d,87
203,203,0,69,69
204,204,0,70,6d
205,205,0,33,67
206,206,0,6d,66
207,207,0,6b,8d
208,208,0,69,6a
209,209,0,68,6d
210,210,0,0a,6b
211,211,0,69,66
212,212,0,6b,b9
213,213,0,6e,6a
214,214,0,67,66
215,215,0,2b,62
216,216,0,68,6a
217,217,0,6a,5f
218,218,0,65,67
219,219,0,67,64
220,220,0,de,69
221,221,0,69,68
222,222,0,66,81
223,223,0,69,6a
224,224,0,69,65
225,225,0,30,68
226,226,0,64,60
227,227,0,63,24
228,228,0,65,69
229,229,0,63,63
230,230,0,c7,69
231,231,0,69,5f
232,232,0,64,1b
233,233,0,5e,64
234,234,0,5e,64
235,235,0,34,65
236,236,0,60,5c
237,237,0,55,e7
238,238,0,39,17
239,239,0,ff,ff
240,240,0,ff,ff
241,241,0,ff,ff
242,242,0,ff,ff
243,243,0,ff,1b
244,244,0,ff,00
245,245,0,ff,00
246,246,0,ff,00
247,247,0,ff,00
248,248,0,ff,00
249,249,0,ff,00
250,250,0,7f,00
251,251,0,00,00
252,252,0,00,00
253,253,0,00,00
254,254,0,00,00
255,255,0,00,00
256,256,0,00,00
257,257,0,00,00
258,258,0,00,00
259,259,0,00,00
260,260,0,00,00
261,261,0,00,00
262,262,0,00,00
263,263,0,00,00
264,264,0,ee,2e
265,265,0,00,13
266,266,0,c0,c8
267,267,0,ff,ff
268,268,0,ff,ff
269,269,0,ff,ff
270,270,0,ff,bf
271,271,0,ff,01
272,272,0,ff,00
273,273,0,ff,00
274,274,0,ff,00
275,275,0,ff,00
276,276,0,ff,00
277,277,0,ff,00
278,278,0,ff,00
279,279,0,ff,00
280,280,0,ff,00
281,281,0,ff,00
282,282,0,ff,00
283,283,0,ff,00
284,284,0,ff,00
285,285,0,ff,00
286,286,0,ff,00
287,287,0,ff,00
288,288,0,ff,00
289,289,0,ff,00
290,290,0,ff,00
291,291,0,ff,00
292,292,0,ff,00
293,293,0,ff,00
294,294,0,ff,00
295,295,0,ff,00
296,296,0,ff,00
297,297,0,ff,00
298,298,0,ff,00
299,299,0,ff,00
300,300,0,ff,00
301,301,0,ff,00
302,302,0,ff,00
303,303,0,ff,00
304,304,0,ff,00
305,305,0,ff,00
306,306,0,ff,00
307,307,0,ff,00
308,308,0,ff,00
309,309,0,ff,00
310,310,0,ff,00
311,311,0,ff,00
312,312,0,ff,00
313,313,0,ff,00
314,314,0,ff,00
315,315,0,ff,00
316,316,0,ff,00
317,317,0,ff,00
318,318,0,ff,00
319,319,0,ff,00
320,320,0,ff,00
321,321,0,ff,00
322,322,0,ff,00
323,323,0,ff,00
324,324,0,ff,00
325,325,0,ff,00
326,326,0,ff,00
327,327,0,ff,00
328,328,0,ff,00
329,329,0,ff,00
330,330,0,ff,00
331,331,0,ff,00
332,332,0,ff,00
333,333,0,ff,00
334,334,0,ff,00
335,335,0,ff,00
336,336,0,ff,00
337,337,0,ff,00
338,338,0,ff,00
339,339,0,ff,00
340,340,0,ff,00
341,341,0,ff,00
342,342,0,ff,00
343,343,0,ff,00
344,344,0,ff,00
345,345,0,ff,00
346,346,0,ff,00
347,347,0,ff,00
348,348,0,ff,00
349,349,0,ff,00
350,350,0,ff,00
351,351,0,ff,00
352,352,0,ff,00
353,353,0,ff,00
354,354,0,ff,00
355,355,0,ff,00
356,356,0,ff,00
357,357,0,ff,00
358,358,0,ff,00
359,359,0,ff,00
360,360,0,ff,00
361,361,0,ff,00
362,362,0,ff,00
363,363,0,ff,00
364,364,0,ff,00
365,365,0,ff,00
366,366,0,ff,00
367,367,0,ff,00
368,368,0,ff,00
369,369,0,ff,00
370,370,0,ff,00
371,371,0,ff,00
372,372,0,ff,00
373,373,0,ff,00
374,374,0,ff,00
375,375,0,ff,00
376,376,0,ff,00
377,377,0,ff,00
378,378,0,ff,00
379,379,0,ff,00
380,380,0,ff,00
381,381,0,ff,00
382,382,0,ff,00
383,383,0,ff,00
384,384,0,ff,00
385,385,0,ff,00
386,386,0,ff,00
387,387,0,ff,00
388,388,0,ff,00
389,389,0,ff,00
390,390,0,ff,00
391,391,0,ff,00
392,392,0,ff,00
393,393,0,ff,00
394,394,0,ff,00
395,395,0,ff,00
396,396,0,ff,00
397,397,0,ff,00
398,398,0,ff,00
399,399,0,ff,00
400,400,0,ff,00
401,401,0,ff,00
402,402,0,ff,00
403,403,0,ff,00
404,404,0,ff,00
405,405,0,ff,00
406,406,0,ff,00
407,407,0,ff,00
408,408,0,ff,00
409,409,0,ff,00
410,410,0,ff,00
411,411,0,ff,00
412,412,0,ff,00
413,413,0,ff,00
414,414,0,ff,00
415,415,0,ff,00
416,416,0,ff,00
417,417,0,ff,00
418,418,0,ff,00
419,419,0,ff,00
420,420,0,ff,00
421,421,0,ff,00
422,422,0,ff,00
423,423,0,ff,00
424,424,0,ff,00
425,425,0,ff,00
426,426,0,ff,00
427,427,0,ff,00
428,428,0,ff,00
429,429,0,ff,00
430,430,0,ff,00
431,431,0,ff,00
432,432,0,ff,00
433,433,0,ff,00
434,434,0,ff,00
435,435,0,ff,00
436,436,0,ff,00
437,437,0,ff,00
438,438,0,ff,00
439,439,0,ff,00
440,440,0,ff,00
441,441,0,ff,00
442,442,0,ff,00
443,443,0,ff,00
444,444,0,ff,00
445,445,0,ff,00
446,446,0,ff,00
447,447,0,ff,00
448,448,0,ff,00
449,449,0,ff,00
450,450,0,ff,00
451,451,0,ff,00
452,452,0,ff,00
453,453,0,ff,00
454,454,0,ff,00
455,455,0,ff,00
456,456,0,ff,00
457,457,0,ff,00
458,458,0,ff,00
459,459,0,ff,00
460,460,0,ff,00
461,461,0,ff,00
462,462,0,ff,00
463,463,0,ff,00
464,464,0,ff,00
465,465,0,ff,00
466,466,0,ff,00
467,467,0,ff,00
468,468,0,ff,00
469,469,0,ff,00
470,470,0,ff,00
471,471,0,ff,00
472,472,0,ff,00
473,473,0,ff,00
474,474,0,ff,00
475,475,0,ff,00
476,476,0,ff,00
477,477,0,ff,00
478,478,0,ff,00
479,479,0,ff,00
480,480,0,ff,00
481,481,0,ff,00
482,482,0,ff,00
483,483,0,ff,00
484,484,0,ff,00
485,485,0,ff,00
486,486,0,ff,00
487,487,0,ff,00
488,488,0,ff,00
489,489,0,ff,00
490,490,0,ff,00
491,491,0,ff,00
492,492,0,ff,00
493,493,0,ff,00
494,494,0,ff,00
495,495,0,ff,00
496,496,0,ff,00
497,497,0,ff,00
498,498,0,ff,00
499,499,0,ff,00
500,500,0,ff,00
501,501,0,ff,00
502,502,0,ff,00
503,503,0,ff,00
504,504,0,ff,00
505,505,0,ff,00
506,506,0,ff,00
507,507,0,ff,00
508,508,0,ff,00
509,509,0,ff,00
510,510,0,ff,00
511,511,0,ff,00
512,512,0,ff,00
513,513,0,ff,00
514,514,0,ff,00
515,515,0,ff,00
516,516,0,ff,00
517,517,0,ff,00
518,518,0,ff,00
519,519,0,ff,00
520,520,0,ff,00
521,521,0,ff,00
522,522,0,ff,00
523,523,0,ff,00
524,524,0,ff,00
525,525,0,ff,00
526,526,0,ff,00
527,527,0,ff,00
528,528,0,ff,00
529,529,0,ff,00
530,530,0,ff,00
531,531,0,ff,00
532,532,0,ff,00
533,533,0,ff,00
534,534,0,ff,00
535,535,0,ff,00
536,536,0,ff,00
537,537,0,ff,00
538,538,0,ff,00
539,539,0,ff,00
540,540,0,ff,00
541,541,0,ff,00
542,542,0,ff,00
543,543,0,ff,00
544,544,0,ff,00
545,545,0,ff,00
546,546,0,ff,00
547,547,0,ff,00
548,548,0,ff,00
549,549,0,ff,00
550,550,0,ff,00
551,551,0,ff,00
552,552,0,ff,00
553,553,0,ff,00
554,554,0,ff,00
555,555,0,ff,00
556,556,0,ff,00
557,557,0,3f,00
558,558,0,00,00
559,559,0,00,00
560,560,0,00,00
561,561,0,00,00
562,562,0,00,00
563,563,0,00,00
564,564,0,00,00
565,565,0,00,00
566,566,0,00,00
567,567,0,00,00
568,568,0,00,00
569,569,0,00,00
570,570,0,b8,b8
571,571,0,02,4d
572,572,0,00,3d
573,573,0,ff,ff
574,574,0,ff,ff
575,575,0,ff,ff
576,576,0,ff,ff
577,577,0,ff,06
578,578,0,ff,00
579,579,0,ff,00
580,580,0,ff,00
581,581,0,ff,00
582,582,0,ff,00
583,583,0,ff,00
584,584,0,ff,00
585,585,0,03,00
586,586,0,00,00
587,587,0,00,00
588,588,0,00,00
589,589,0,00,00
590,590,0,00,00
591,591,0,00,00
592,592,0,00,00
593,593,0,00,00
594,594,0,00,00
595,595,0,00,00
596,596,0,00,00
597,597,0,80,80
598,598,0,bb,0b
599,599,0,92,d6
600,600,0,c0,f1
601,601,0,73,b3
602,602,0,74,e3
603,603,0,49,e3
604,604,0,b4,33
605,605,0,93,d3
606,606,0,13,f3
607,607,0,d4,03
608,608,0,2e,e4
609,609,0,04,93
610,610,0,e4,a7
611,611,0,f3,03
612,612,0,73,f4
613,613,0,27,c3
614,614,0,04,a3
615,615,0,14,f8
616,616,0,34,63
617,617,0,c4,24
618,618,0,f5,f4
619,619,0,43,93
620,620,0,34,db
621,621,0,b4,13
622,622,0,93,34
623,623,0,fd,d4
624,624,0,b3,d3
625,625,0,53,06
626,626,0,c4,c4
627,627,0,b3,e3
628,628,0,2f,33
629,629,0,34,c4
630,630,0,f4,0c
631,631,0,c3,44
632,632,0,63,04
633,633,0,f0,f4
634,634,0,f3,a3
635,635,0,f3,16
636,636,0,b3,d4
637,637,0,23,f3
638,638,0,e5,03
639,639,0,13,a4
640,640,0,74,35
641,641,0,73,04
642,642,0,94,24
643,643,0,1d,b4
644,644,0,b4,53
645,645,0,13,d6
646,646,0,34,a3
647,647,0,74,e3
648,648,0,5d,03
649,649,0,24,74
650,650,0,a4,c9
651,651,0,03,d3
652,652,0,94,03
653,653,0,1e,f4
654,654,0,d4,a3
655,655,0,93,0a
656,656,0,23,14
657,657,0,14,64
658,658,0,b1,c3
659,659,0,63,73
660,660,0,83,bb
661,661,0,23,83
662,662,0,83,03
663,663,0,ba,84
664,664,0,53,53
665,665,0,53,97
666,666,0,a3,b3
667,667,0,33,63
668,668,0,70,23
669,669,0,53,33
670,670,0,13,05
671,671,0,13,43
672,672,0,53,f3
673,673,0,28,02
674,674,0,23,e3
675,675,0,f3,5a
676,676,0,82,f3
677,677,0,02,a2
678,678,0,f4,62
679,679,0,12,b2
680,680,0,93,c3
681,681,0,d2,e2
682,682,0,a2,d2
683,683,0,de,62
684,684,0,e2,a2
685,685,0,72,c7
686,686,0,62,d2
687,687,0,52,52
688,688,0,92,52
689,689,0,a2,d2
690,690,0,72,c7
691,691,0,62,a2
692,692,0,e2,32
693,693,0,66,02
694,694,0,52,b2
695,695,0,02,7e
696,696,0,32,62
697,697,0,e2,72
698,698,0,65,e2
699,699,0,42,51
700,700,0,02,32
701,701,0,b2,22
702,702,0,a1,d2
703,703,0,1e,b1
704,704,0,22,41
705,705,0,82,58
706,706,0,81,02
707,707,0,11,c2
708,708,0,00,d1
709,709,0,e2,11
710,710,0,61,db
711,711,0,31,d1
712,712,0,41,31
713,713,0,ef,41
714,714,0,01,91
715,715,0,72,e2
716,716,0,41,b1
717,717,0,d1,41
718,718,0,f4,61
719,719,0,01,81
720,720,0,42,d4
721,721,0,11,a1
722,722,0,71,61
723,723,0,c5,41
724,724,0,c1,61
725,725,0,01,a4
726,726,0,31,91
727,727,0,21,31
728,728,0,ad,21
729,729,0,91,d1
730,730,0,41,d8
731,731,0,f1,b1
732,732,0,70,01
733,733,0,9f,f1
734,734,0,d1,e0
735,735,0,21,b0
736,736,0,31,81
737,737,0,41,c1
738,738,0,a1,d0
739,739,0,b1,60
740,740,0,e1,a8
741,741,0,20,d1
742,742,0,11,31
743,743,0,d2,41
744,744,0,b1,91
745,745,0,61,94
746,746,0,21,c1
747,747,0,71,31
748,748,0,bb,31
749,749,0,b1,f1
750,750,0,31,e7
751,751,0,81,d1
752,752,0,91,a1
753,753,0,fc,61
754,754,0,11,81
755,755,0,52,e4
756,756,0,51,11
757,757,0,91,12
758,758,0,05,82
759,759,0,32,c1
760,760,0,c2,49
761,761,0,81,32
762,762,0,d1,a2
763,763,0,60,81
764,764,0,02,01
765,765,0,a2,4d
766,766,0,c1,22
767,767,0,d1,b2
768,768,0,fd,91
769,769,0,01,81
770,770,0,92,36
771,771,0,e1,32
772,772,0,41,82
773,773,0,6e,71
774,774,0,f2,11
775,775,0,81,51
776,776,0,91,42
777,777,0,11,b2
778,778,0,08,b1
779,779,0,12,21
780,780,0,d2,5e
781,781,0,b1,32
782,782,0,31,c2
783,783,0,3a,a1
784,784,0,32,11
785,785,0,b2,5b
786,786,0,91,22
787,787,0,01,d2
788,788,0,18,e1
789,789,0,12,c1
790,790,0,a2,26
791,791,0,e1,32
792,792,0,d1,b2
793,793,0,02,c1
794,794,0,22,21
795,795,0,32,49
796,796,0,82,12
797,797,0,11,d2
798,798,0,17,d1
799,799,0,32,41
800,800,0,a2,28
801,801,0,f1,32
802,802,0,91,92
803,803,0,23,91
804,804,0,12,e1
805,805,0,c2,0e
806,806,0,a1,22
807,807,0,51,12
808,808,0,1c,82
809,809,0,02,b1
810,810,0,42,11
811,811,0,91,22
812,812,0,b1,72
813,813,0,e2,a1
814,814,0,11,e1
815,815,0,82,68
816,816,0,51,12
817,817,0,71,b2
818,818,0,fe,b1
819,819,0,01,c1
820,820,0,a2,ee
821,821,0,91,f1
822,822,0,51,a1
823,823,0,e8,31
824,824,0,f1,d1
825,825,0,81,1b
826,826,0,91,42
827,827,0,71,b2
828,828,0,d4,a1
829,829,0,11,a1
830,830,0,82,13
831,831,0,b1,e2
832,832,0,41,81
833,833,0,18,71
834,834,0,12,81
835,835,0,92,f6
836,836,0,51,d1
837,837,0,a1,b1
838,838,0,09,81
839,839,0,12,21
840,840,0,42,0f
841,841,0,91,f2
842,842,0,f1,41
843,843,0,e0,61
844,844,0,11,41
845,845,0,a2,fa
846,846,0,d1,e1
847,847,0,f1,51
848,848,0,3b,b1
849,849,0,12,e1
850,850,0,62,e8
851,851,0,71,01
852,852,0,01,a2
853,853,0,be,d1
854,854,0,11,d1
855,855,0,82,a8
856,856,0,71,f1
857,857,0,c1,81
858,858,0,d9,11
859,859,0,c1,11
860,860,0,21,c5
861,861,0,41,b1
862,862,0,f1,61
863,863,0,ec,01
864,864,0,c1,b1
865,865,0,51,de
866,866,0,91,f1
867,867,0,e1,41
868,868,0,a8,41
869,869,0,e1,01
870,870,0,41,b0
871,871,0,41,b1
872,872,0,a1,81
873,873,0,da,31
874,874,0,e1,51
875,875,0,b1,0f
876,876,0,51,12
877,877,0,61,62
878,878,0,f5,71
879,879,0,c1,f1
880,880,0,91,ce
881,881,0,41,d1
882,882,0,a1,a1
883,883,0,ec,a1
884,884,0,c1,31
885,885,0,91,fd
886,886,0,61,01
887,887,0,21,52
888,888,0,d4,61
889,889,0,d1,d1
890,890,0,41,d0
891,891,0,01,f1
892,892,0,e1,91
893,893,0,dc,21
894,894,0,f1,c1
895,895,0,81,ba
896,896,0,41,01
897,897,0,91,42
898,898,0,16,41
899,899,0,e2,81
900,900,0,b1,7f
901,901,0,91,42
902,902,0,f1,a2
903,903,0,48,51
904,904,0,22,81
905,905,0,a2,4a
906,906,0,91,12
907,907,0,d1,a2
908,908,0,04,51
909,909,0,f2,11
910,910,0,c1,6d
911,911,0,91,22
912,912,0,51,b2
913,913,0,3c,a1
914,914,0,62,21
915,915,0,b2,1b
916,916,0,a1,12
917,917,0,71,d2
918,918,0,60,a1
919,919,0,42,81
920,920,0,f2,64
921,921,0,01,42
922,922,0,32,e2
923,923,0,3d,d1
924,924,0,42,51
925,925,0,02,5e
926,926,0,c2,82
927,927,0,d1,12
928,928,0,23,e2
929,929,0,32,91
930,930,0,02,61
931,931,0,d2,62
932,932,0,a1,42
933,933,0,5b,12
934,934,0,72,42
935,935,0,a2,59
936,936,0,e1,62
937,937,0,31,02
938,938,0,89,12
939,939,0,82,22
940,940,0,02,75
941,941,0,e2,52
942,942,0,a1,12
943,943,0,91,c2
944,944,0,82,71
945,945,0,e2,71
946,946,0,41,22
947,947,0,12,e2
948,948,0,6e,a1
949,949,0,52,a1
950,950,0,32,85
951,951,0,c2,22
952,952,0,01,92
953,953,0,2f,91
954,954,0,22,01
955,955,0,02,38
956,956,0,42,22
957,957,0,91,b2
958,958,0,0f,71
959,959,0,12,f1
960,960,0,a2,1a
961,961,0,c1,d2
962,962,0,51,a1
963,963,0,19,c1
964,964,0,02,51
965,965,0,c2,17
966,966,0,51,12
967,967,0,31,82
968,968,0,09,b1
969,969,0,12,51
970,970,0,72,5a
971,971,0,81,32
972,972,0,e1,42
973,973,0,1b,91
974,974,0,32,b1
975,975,0,a2,12
976,976,0,a1,02
977,977,0,81,b2
978,978,0,47,91
979,979,0,42,31
980,980,0,b2,fa
981,981,0,31,71
982,982,0,a2,32
983,983,0,3c,d2
984,984,0,62,c1
985,985,0,12,c3
986,986,0,f2,b2
987,987,0,d1,32
988,988,0,87,42
989,989,0,52,42
990,990,0,12,9e
991,991,0,42,b2
992,992,0,72,02
993,993,0,c4,62
994,994,0,c2,52
995,995,0,32,d8
996,996,0,22,a2
997,997,0,12,22
998,998,0,be,42
999,999,0,e2,c2
1000,1000,0,42,dc
1001,1001,0,52,f2
1002,1002,0,02,52
1003,1003,0,b5,52
1004,1004,0,02,d2
1005,1005,0,13,0b
1006,1006,0,a2,33
1007,1007,0,82,e3
1008,1008,0,17,f2
1009,1009,0,73,b2
1010,1010,0,63,fc
1011,1011,0,02,22
1012,1012,0,73,43
1013,1013,0,a1,93
1014,1014,0,33,23
1015,1015,0,43,a2
1016,1016,0,13,b3
1017,1017,0,a3,13
1018,1018,0,1b,53
1019,1019,0,a3,b3
1020,1020,0,83,4f
1021,1021,0,73,e4
1022,1022,0,33,93
1023,1023,0,9b,a3
1024,1024,1,c3,13
1025,1025,0,c3,d8
1026,1026,0,63,b3
1027,1027,0,d3,13
1028,1028,0,20,84
1029,1029,0,f4,23
1030,1030,0,c3,eb
1031,1031,0,c3,c3
1032,1032,0,c3,f3
1033,1033,0,19,33
1034,1034,0,74,84
1035,1035,0,84,7d
1036,1036,0,13,54
1037,1037,0,f4,84
1038,1038,0,4c,13
1039,1039,0,34,c4
1040,1040,0,34,88
1041,1041,0,34,94
1042,1042,0,84,d4
1043,1043,0,5b,83
1044,1044,0,a4,64
1045,1045,0,54,d7
1046,1046,0,04,d4
1047,1047,0,d5,a4
1048,1048,0,6f,74
1049,1049,0,e4,c4
1050,1050,0,b4,00
1051,1051,0,94,d5
1052,1052,0,14,84
1053,1053,0,86,64
1054,1054,0,e4,04
1055,1055,0,a4,18
1056,1056,0,54,e5
1057,1057,0,e4,d4
1058,1058,0,a7,c4
1059,1059,0,a4,d4
1060,1060,0,74,cb
1061,1061,0,54,84
1062,1062,0,54,c4
1063,1063,0,a4,c4
1064,1064,0,84,f4
1065,1065,0,24,a8
1066,1066,0,34,74
1067,1067,0,64,64
1068,1068,0,78,34
1069,1069,0,94,04
1070,1070,0,54,8b
1071,1071,0,34,44
1072,1072,0,14,84
1073,1073,0,39,44
1074,1074,0,a4,74
1075,1075,0,04,7d
1076,1076,0,f4,34
1077,1077,0,13,d4
1078,1078,0,8e,13
1079,1079,0,34,24
1080,1080,0,14,74
1081,1081,0,34,54
1082,1082,0,24,c4
1083,1083,0,31,d3
1084,1084,0,34,73
1085,1085,0,c4,44
1086,1086,0,13,24
1087,1087,0,04,34
1088,1088,0,62,04
1089,1089,0,54,74
1090,1090,0,d4,e2
1091,1091,0,e3,63
1092,1092,0,a3,14
1093,1093,0,a0,14
1094,1094,0,64,a4
1095,1095,0,b4,60
1096,1096,0,e3,94
1097,1097,0,e3,34
1098,1098,0,7d,44
1099,1099,0,74,74
1100,1100,0,c4,e1
1101,1101,0,33,73
1102,1102,0,74,44
1103,1103,0,81,e4
1104,1104,0,c4,13
1105,1105,0,64,af
1106,1106,0,a4,84
1107,1107,0,64,b4
1108,1108,0,b4,03
1109,1109,0,84,55
1110,1110,0,c4,95
1111,1111,0,84,44
1112,1112,0,d4,b5
1113,1113,0,3b,04
1114,1114,0,25,25
1115,1115,0,d5,38
1116,1116,0,b4,45
1117,1117,0,94,85
1118,1118,0,72,95
1119,1119,0,65,c5
1120,1120,0,15,89
1121,1121,0,55,a5
1122,1122,0,45,35
1123,1123,0,79,05
1124,1124,0,75,75
1125,1125,0,15,a5
1126,1126,0,05,a5
1127,1127,0,c5,75
1128,1128,0,17,35
1129,1129,0,a5,05
1130,1130,0,05,88
1131,1131,0,15,65
1132,1132,0,d5,15
1133,1133,0,73,05
1134,1134,0,65,f5
1135,1135,0,15,4f
1136,1136,0,55,65
1137,1137,0,e5,15
1138,1138,0,51,15
1139,1139,0,d5,e5
1140,1140,0,04,3c
1141,1141,0,55,e5
1142,1142,0,95,74
1143,1143,0,c4,64
1144,1144,0,c4,f4
1145,1145,0,e4,a0
1146,1146,0,74,a4
1147,1147,0,f4,34
1148,1148,0,d9,64
1149,1149,0,74,b4
1150,1150,0,e4,d4
1151,1151,0,e4,b4
1152,1152,0,03,54
1153,1153,0,a9,e4
1154,1154,0,74,53
1155,1155,0,54,5f
1156,1156,0,04,94
1157,1157,0,04,d4
1158,1158,0,99,c3
1159,1159,0,34,03
1160,1160,0,24,3b
1161,1161,0,f4,64
1162,1162,0,93,c4
1163,1163,0,73,f3
1164,1164,0,f4,03
1165,1165,0,c3,f6
1166,1166,0,23,03
1167,1167,0,c4,34
1168,1168,0,3e,c4
1169,1169,0,44,13
1170,1170,0,04,d0
1171,1171,0,84,c3
1172,1172,0,d3,13
1173,1173,0,03,c4
1174,1174,0,e4,c3
1175,1175,0,e3,10
1176,1176,0,33,34
1177,1177,0,44,14
1178,1178,0,33,a4
1179,1179,0,94,03
1180,1180,0,04,31
1181,1181,0,c4,64
1182,1182,0,53,d4
1183,1183,0,4f,83
1184,1184,0,24,e4
1185,1185,0,e4,5c
1186,1186,0,53,c4
1187,1187,0,44,14
1188,1188,0,bc,44
1189,1189,0,f4,74
1190,1190,0,64,1a
1191,1191,0,d4,15
1192,1192,0,a4,15
1193,1193,0,ea,75
1194,1194,0,04,74
1195,1195,0,a5,6f
1196,1196,0,f4,85
1197,1197,0,f4,65
1198,1198,0,50,b5
1199,1199,0,75,25
1200,1200,0,95,9e
1201,1201,0,c5,15
1202,1202,0,35,76
1203,1203,0,7b,b5
1204,1204,0,f6,15
1205,1205,0,35,4e
1206,1206,0,96,96
1207,1207,0,c6,46
1208,1208,0,ef,06
1209,1209,0,75,56
1210,1210,0,36,68
1211,1211,0,a6,16
1212,1212,0,c6,86
1213,1213,0,9e,86
1214,1214,0,56,16
1215,1215,0,96,dc
1216,1216,0,76,e6
1217,1217,0,06,46
1218,1218,0,3b,c6
1219,1219,0,17,e6
1220,1220,0,c7,0c
1221,1221,0,56,d7
1222,1222,0,76,c6
1223,1223,0,6b,06
1224,1224,0,e6,a7
1225,1225,0,36,85
1226,1226,0,b7,a6
1227,1227,0,46,c6
1228,1228,0,29,66
1229,1229,0,97,26
1230,1230,0,e6,f9
1231,1231,0,c6,66
1232,1232,0,b6,66
1233,1233,0,0b,b6
1234,1234,0,57,56
1235,1235,0,46,bf
1236,1236,0,56,96
1237,1237,0,26,86
1238,1238,0,2b,c6
1239,1239,0,66,95
1240,1240,0,16,6f
1241,1241,0,56,d6
1242,1242,0,e6,16
1243,1243,0,34,46
1244,1244,0,b6,26
1245,1245,0,26,b5
1246,1246,0,16,56
1247,1247,0,36,c6
1248,1248,0,13,95
1249,1249,0,76,25
1250,1250,0,e6,65
1251,1251,0,55,66
1252,1252,0,76,56
1253,1253,0,ea,e6
1254,1254,0,55,b5
1255,1255,0,26,13
1256,1256,0,a6,26
1257,1257,0,75,16
1258,1258,0,ae,f6
1259,1259,0,36,b5
1260,1260,0,36,11
1261,1261,0,c6,d6
1262,1262,0,05,25
1263,1263,0,b8,96
1264,1264,0,f5,95
1265,1265,0,e5,5f
1266,1266,0,15,c6
1267,1267,0,b6,35
1268,1268,0,00,95
1269,1269,0,06,25
1270,1270,0,56,07
1271,1271,0,a5,c6
1272,1272,0,95,b5
1273,1273,0,2a,b5
1274,1274,0,96,e5
1275,1275,0,85,a6
1276,1276,0,c5,b5
1277,1277,0,05,85
1278,1278,0,e3,c5
1279,1279,0,05,b5
1280,1280,0,c6,e8
1281,1281,0,b5,55
1282,1282,0,c5,26
1283,1283,0,42,36
1284,1284,0,86,55
1285,1285,0,36,66
1286,1286,0,e6,76
1287,1287,0,e5,16
1288,1288,0,27,06
1289,1289,0,96,36
1290,1290,0,26,73
1291,1291,0,36,86
1292,1292,0,f6,a6
1293,1293,0,4c,76
1294,1294,0,76,e6
1295,1295,0,f6,dc
1296,1296,0,a6,e6
1297,1297,0,d6,a6
1298,1298,0,70,a6
1299,1299,0,d6,b6
1300,1300,0,86,be
1301,1301,0,36,d6
1302,1302,0,57,e6
1303,1303,0,73,d6
1304,1304,0,16,e6
1305,1305,0,67,6d
1306,1306,0,a6,e7
1307,1307,0,96,b6
1308,1308,0,4f,46
1309,1309,0,37,37
1310,1310,0,77,6f
1311,1311,0,36,f7
1312,1312,0,07,56
1313,1313,0,47,27
1314,1314,0,97,67
1315,1315,0,77,b9
1316,1316,0,77,26
1317,1317,0,77,07
1318,1318,0,40,87
1319,1319,0,87,57
1320,1320,0,57,c5
1321,1321,0,47,37
1322,1322,0,37,27
1323,1323,0,b5,17
1324,1324,0,c7,37
1325,1325,0,57,50
1326,1326,0,67,97
1327,1327,0,87,87
1328,1328,0,5b,06
1329,1329,0,f7,e7
1330,1330,0,06,3f
1331,1331,0,c7,97
1332,1332,0,b6,87
1333,1333,0,f7,47
1334,1334,0,67,a7
1335,1335,0,67,11
1336,1336,0,b7,07
1337,1337,0,96,97
1338,1338,0,e7,b7
1339,1339,0,27,56
1340,1340,0,17,ef
1341,1341,0,27,57
1342,1342,0,87,a7
1343,1343,0,2b,a7
1344,1344,0,97,06
1345,1345,0,f7,18
1346,1346,0,b6,67
1347,1347,0,d7,d7
1348,1348,0,7b,46
1349,1349,0,d7,97
1350,1350,0,16,7f
1351,1351,0,f7,57
1352,1352,0,c6,17
1353,1353,0,f2,77
1354,1354,0,36,87
1355,1355,0,17,7b
1356,1356,0,e7,37
1357,1357,0,26,f7
1358,1358,0,13,d6
1359,1359,0,77,16
1360,1360,0,36,5e
1361,1361,0,57,37
1362,1362,0,e7,97
1363,1363,0,6a,86
1364,1364,0,47,f6
1365,1365,0,e7,5d
1366,1366,0,76,37
1367,1367,0,86,b7
1368,1368,0,31,96
1369,1369,0,77,56
1370,1370,0,17,a3
1371,1371,0,e7,16
1372,1372,0,46,c7
1373,1373,0,04,d7
1374,1374,0,77,e6
1375,1375,0,06,4a
1376,1376,0,a7,87
1377,1377,0,96,c7
1378,1378,0,07,a6
1379,1379,0,57,f6
1380,1380,0,67,d0
1381,1381,0,e6,a6
1382,1382,0,16,c6
1383,1383,0,d7,16
1384,1384,0,36,87
1385,1385,0,27,3a
1386,1386,0,b7,e7
1387,1387,0,36,26
1388,1388,0,3f,37
1389,1389,0,d7,97
1390,1390,0,36,3f
1391,1391,0,77,27
1392,1392,0,36,e7
1393,1393,0,b8,d6
1394,1394,0,e6,b6
1395,1395,0,16,a5
1396,1396,0,c7,d6
1397,1397,0,e6,76
1398,1398,0,2e,e6
1399,1399,0,a7,36
1400,1400,0,76,bb
1401,1401,0,96,06
1402,1402,0,b6,f7
1403,1403,0,b7,a6
1404,1404,0,76,96
1405,1405,0,e6,e7
1406,1406,0,e6,96
1407,1407,0,b6,66
1408,1408,0,c4,d6
1409,1409,0,66,a6
1410,1410,0,86,aa
1411,1411,0,96,b6
1412,1412,0,a6,e6
1413,1413,0,b4,e6
1414,1414,0,16,06
1415,1415,0,a7,b6
1416,1416,0,a6,d6
1417,1417,0,26,96
1418,1418,0,33,b6
1419,1419,0,17,86
1420,1420,0,a7,d3
1421,1421,0,96,96
1422,1422,0,c6,96
1423,1423,0,1d,16
1424,1424,0,07,17
1425,1425,0,87,32
1426,1426,0,76,b7
1427,1427,0,d7,f6
1428,1428,0,88,16
1429,1429,0,27,d7
1430,1430,0,e7,1e
1431,1431,0,56,67
1432,1432,0,77,a7
1433,1433,0,08,e6
1434,1434,0,37,e6
1435,1435,0,b7,0b
1436,1436,0,c7,77
1437,1437,0,06,47
1438,1438,0,13,37
1439,1439,0,57,97
1440,1440,0,a7,13
1441,1441,0,37,67
1442,1442,0,c7,77
1443,1443,0,52,57
1444,1444,0,17,27
1445,1445,0,37,28
1446,1446,0,e7,a7
1447,1447,0,b6,97
1448,1448,0,3a,f7
1449,1449,0,67,47
1450,1450,0,e7,c9
1451,1451,0,17,c7
1452,1452,0,68,57
1453,1453,0,76,87
1454,1454,0,77,47
1455,1455,0,b7,01
1456,1456,0,b7,67
1457,1457,0,f7,f8
1458,1458,0,08,26
1459,1459,0,98,98
1460,1460,0,07,9b
1461,1461,0,38,e7
1462,1462,0,f7,87
1463,1463,0,0f,27
1464,1464,0,c8,98
1465,1465,0,47,83
1466,1466,0,78,e7
1467,1467,0,47,07
1468,1468,0,da,77
1469,1469,0,b7,07
1470,1470,0,f7,e2
1471,1471,0,77,b7
1472,1472,0,17,97
1473,1473,0,43,77
1474,1474,0,e7,88
1475,1475,0,b7,e6
1476,1476,0,97,17
1477,1477,0,37,97
1478,1478,0,28,b7
1479,1479,0,58,b7
1480,1480,0,87,88
1481,1481,0,e7,77
1482,1482,0,26,c7
1483,1483,0,84,d7
1484,1484,0,97,67
1485,1485,0,87,77
1486,1486,0,e7,b7
1487,1487,0,a6,77
1488,1488,0,3a,97
1489,1489,0,c7,e7
1490,1490,0,b7,4b
1491,1491,0,a7,07
1492,1492,0,d7,28
1493,1493,0,30,a7
1494,1494,0,c7,37
1495,1495,0,a7,4c
1496,1496,0,c7,97
1497,1497,0,27,77
1498,1498,0,70,07
1499,1499,0,87,27
1500,1500,0,17,85
1501,1501,0,47,97
1502,1502,0,67,37
1503,1503,0,63,17
1504,1504,0,f7,e7
1505,1505,0,96,4a
1506,1506,0,c7,77
1507,1507,0,c7,a7
1508,1508,0,42,b7
1509,1509,0,57,e6
1510,1510,0,47,3b
1511,1511,0,87,57
1512,1512,0,17,27
1513,1513,0,d9,e7
1514,1514,0,36,16
1515,1515,0,37,7a
1516,1516,0,07,67
1517,1517,0,f7,87
1518,1518,0,4b,87
1519,1519,0,37,66
1520,1520,0,e7,39
1521,1521,0,76,d7
1522,1522,0,37,a6
1523,1523,0,fd,e6
1524,1524,0,46,66
1525,1525,0,f7,1a
1526,1526,0,06,e7
1527,1527,0,57,c6
1528,1528,0,1c,36
1529,1529,0,47,b7
1530,1530,0,07,c4
1531,1531,0,b7,56
1532,1532,0,96,57
1533,1533,0,13,27
1534,1534,0,e7,e7
1535,1535,0,26,7f
1536,1536,0,d7,d7
1537,1537,0,b6,06
1538,1538,0,ed,47
1539,1539,0,f6,d7
1540,1540,0,e6,fd
1541,1541,0,76,06
1542,1542,0,06,07
1543,1543,0,3c,c7
1544,1544,0,f7,16
1545,1545,0,46,36
1546,1546,0,07,c7
1547,1547,0,b7,c6
1548,1548,0,0b,e6
1549,1549,0,57,f6
1550,1550,0,17,02
1551,1551,0,e7,d7
1552,1552,0,c6,e6
1553,1553,0,bf,36
1554,1554,0,46,27
1555,1555,0,77,17
1556,1556,0,07,b7
1557,1557,0,b7,07
1558,1558,0,17,07
1559,1559,0,17,47
1560,1560,0,77,bd
1561,1561,0,17,06
1562,1562,0,57,d7
1563,1563,0,40,b6
1564,1564,0,e7,96
1565,1565,0,a6,5d
1566,1566,0,f6,07
1567,1567,0,a6,c7
1568,1568,0,61,66
1569,1569,0,d6,86
1570,1570,0,e6,f6
1571,1571,0,86,86
1572,1572,0,b6,f6
1573,1573,0,f5,d6
1574,1574,0,76,a6
1575,1575,0,96,01
1576,1576,0,a6,86
1577,1577,0,96,56
1578,1578,0,53,56
1579,1579,0,26,f6
1580,1580,0,c6,38
1581,1581,0,25,86
1582,1582,0,36,f6
1583,1583,0,71,05
1584,1584,0,26,16
1585,1585,0,d6,61
1586,1586,0,b5,26
1587,1587,0,65,a6
1588,1588,0,51,d5
1589,1589,0,c6,c5
1590,1590,0,05,15
1591,1591,0,d6,16
1592,1592,0,c5,86
1593,1593,0,12,a6
1594,1594,0,16,55
1595,1595,0,b6,f7
1596,1596,0,55,e5
1597,1597,0,e6,55
1598,1598,0,33,45
1599,1599,0,f6,16
1600,1600,0,f5,29
1601,1601,0,15,c6
1602,1602,0,e6,35
1603,1603,0,e6,16
1604,1604,0,f5,66
1605,1605,0,75,0b
1606,1606,0,d5,66
1607,1607,0,15,c6
1608,1608,0,0e,05
1609,1609,0,06,a6
1610,1610,0,56,18
1611,1611,0,56,56
1612,1612,0,a6,06
1613,1613,0,92,76
1614,1614,0,26,46
1615,1615,0,76,40
1616,1616,0,b6,66
1617,1617,0,46,16
1618,1618,0,17,e6
1619,1619,0,56,65
1620,1620,0,e6,b1
1621,1621,0,56,96
1622,1622,0,86,36
1623,1623,0,0b,76
1624,1624,0,47,c6
1625,1625,0,e6,94
1626,1626,0,66,96
1627,1627,0,76,66
1628,1628,0,ce,86
1629,1629,0,e6,66
1630,1630,0,66,08
1631,1631,0,76,f7
1632,1632,0,26,96
1633,1633,0,8c,36
1634,1634,0,86,77
1635,1635,0,26,e2
1636,1636,0,b7,16
1637,1637,0,86,87
1638,1638,0,e3,17
1639,1639,0,76,67
1640,1640,0,26,0a
1641,1641,0,e7,47
1642,1642,0,56,c7
1643,1643,0,d6,67
1644,1644,0,96,e7
1645,1645,0,36,da
1646,1646,0,47,d6
1647,1647,0,a7,56
1648,1648,0,9d,17
1649,1649,0,06,f7
1650,1650,0,57,fe
1651,1651,0,c7,46
1652,1652,0,86,17
1653,1653,0,6f,07
1654,1654,0,c6,c7
1655,1655,0,e6,b7
1656,1656,0,56,86
1657,1657,0,47,b6
1658,1658,0,e6,16
1659,1659,0,e6,77
1660,1660,0,c6,f4
1661,1661,0,36,a6
1662,1662,0,47,56
1663,1663,0,b8,07
1664,1664,0,e6,07
1665,1665,0,46,77
1666,1666,0,96,36
1667,1667,0,16,e6
1668,1668,0,69,c6
1669,1669,0,96,b6
1670,1670,0,76,73
1671,1671,0,56,96
1672,1672,0,96,e6
1673,1673,0,c3,e5
1674,1674,0,a6,36
1675,1675,0,56,90
1676,1676,0,b6,d6
1677,1677,0,f6,d6
1678,1678,0,75,95
1679,1679,0,86,66
1680,1680,0,a6,60
1681,1681,0,16,36
1682,1682,0,66,c6
1683,1683,0,10,66
1684,1684,0,f6,76
1685,1685,0,15,76
1686,1686,0,76,f6
1687,1687,0,e6,a5
1688,1688,0,45,06
1689,1689,0,16,26
1690,1690,0,e6,43
1691,1691,0,c5,36
1692,1692,0,85,06
1693,1693,0,4c,36
1694,1694,0,06,76
1695,1695,0,06,46
1696,1696,0,86,16
1697,1697,0,d6,76
1698,1698,0,3a,16
1699,1699,0,f6,96
1700,1700,0,35,1b
1701,1701,0,36,46
1702,1702,0,e6,16
1703,1703,0,26,86
1704,1704,0,36,e5
1705,1705,0,26,00
1706,1706,0,86,06
1707,1707,0,95,f6
1708,1708,0,f8,05
1709,1709,0,f5,d6
1710,1710,0,e5,ec
1711,1711,0,15,15
1712,1712,0,76,26
1713,1713,0,cc,86
1714,1714,0,e5,d6
1715,1715,0,45,1a
1716,1716,0,56,86
1717,1717,0,26,d6
1718,1718,0,32,15
1719,1719,0,f6,e6
1720,1720,0,65,fa
1721,1721,0,16,f5
1722,1722,0,d6,15
1723,1723,0,37,86
1724,1724,0,26,f6
1725,1725,0,26,a9
1726,1726,0,d6,36
1727,1727,0,35,66
1728,1728,0,c2,66
1729,1729,0,95,26
1730,1730,0,56,0a
1731,1731,0,c6,56
1732,1732,0,36,c6
1733,1733,0,12,f6
1734,1734,0,86,45
1735,1735,0,e6,05
1736,1736,0,a5,16
1737,1737,0,36,06
1738,1738,0,90,66
1739,1739,0,66,c6
1740,1740,0,76,3b
1741,1741,0,66,86
1742,1742,0,96,56
1743,1743,0,3d,f6
1744,1744,0,a6,05
1745,1745,0,16,6a
1746,1746,0,c7,e6
1747,1747,0,86,c6
1748,1748,0,43,56
1749,1749,0,d6,b6
1750,1750,0,66,c6
1751,1751,0,56,d6
1752,1752,0,26,c6
1753,1753,0,f2,c6
1754,1754,0,76,c6
1755,1755,0,c6,46
1756,1756,0,06,76
1757,1757,0,07,06
1758,1758,0,79,67
1759,1759,0,56,16
1760,1760,0,56,49
1761,1761,0,86,66
1762,1762,0,06,96
1763,1763,0,be,a6
1764,1764,0,16,66
1765,1765,0,26,e4
1766,1766,0,77,a6
1767,1767,0,36,a6
1768,1768,0,27,76
1769,1769,0,66,f6
1770,1770,0,86,8b
1771,1771,0,46,76
1772,1772,0,d6,06
1773,1773,0,f6,56
1774,1774,0,75,46
1775,1775,0,46,70
1776,1776,0,06,86
1777,1777,0,66,86
1778,1778,0,25,55
1779,1779,0,d6,a6
1780,1780,0,45,04
1781,1781,0,36,36
1782,1782,0,d6,56
1783,1783,0,e2,06
1784,1784,0,05,66
1785,1785,0,26,1d
1786,1786,0,b6,36
1787,1787,0,35,e6
1788,1788,0,ea,a5
1789,1789,0,c5,d5
1790,1790,0,45,46
1791,1791,0,c6,26
1792,1792,0,e5,66
1793,1793,0,82,16
1794,1794,0,c5,66
1795,1795,0,e5,da
1796,1796,0,c5,05
1797,1797,0,15,c6
1798,1798,0,7a,25
1799,1799,0,b5,f5
1800,1800,0,25,25
1801,1801,0,f6,09
1802,1802,0,ff,00
1803,1803,0,ff,00
1804,1804,0,ff,00
1805,1805,0,ff,00
1806,1806,0,ff,00
1807,1807,0,ff,00
1808,1808,0,ff,00
1809,1809,0,ff,00
1810,1810,0,ff,00
1811,1811,0,ff,00
1812,1812,0,ff,00
1813,1813,0,07,00
1814,1814,0,00,00
1815,1815,0,00,00
1816,1816,0,00,00
1817,1817,0,00,00
1818,1818,0,00,00
1819,1819,0,00,00
1820,1820,0,00,00
1821,1821,0,00,00
1822,1822,0,00,00
1823,1823,0,00,00
1824,1824,0,00,00
1825,1825,0,00,00
1826,1826,0,e0,e0
1827,1827,0,0e,36
1828,1828,0,00,e9
1829,1829,0,fc,fc
1830,1830,0,ff,ff
1831,1831,0,ff,ff
1832,1832,0,ff,ff
1833,1833,0,ff,1b
1834,1834,0,ff,00
1835,1835,0,ff,00
1836,1836,0,ff,00
1837,1837,0,ff,00
1838,1838,0,ff,00
1839,1839,0,ff,00
1840,1840,0,ff,00
1841,1841,0,ff,00
1842,1842,0,ff,00
1843,1843,0,ff,00
1844,1844,0,ff,00
1845,1845,0,ff,00
1846,1846,0,ff,00
1847,1847,0,ff,00
1848,1848,0,ff,00
1849,1849,0,ff,00
1850,1850,0,ff,00
1851,1851,0,ff,00
1852,1852,0,ff,00
1853,1853,0,ff,00
1854,1854,0,ff,00
1855,1855,0,ff,00
1856,1856,0,ff,00
1857,1857,0,ff,00
1858,1858,0,ff,00
1859,1859,0,ff,00
1860,1860,0,ff,00
1861,1861,0,ff,00
1862,1862,0,ff,00
1863,1863,0,ff,00
1864,1864,0,ff,00
1865,1865,0,ff,00
1866,1866,0,ff,00
1867,1867,0,ff,00
1868,1868,0,ff,00
1869,1869,0,ff,00
1870,1870,0,ff,00
1871,1871,0,ff,00
1872,1872,0,ff,00
1873,1873,0,ff,00
1874,1874,0,ff,00
1875,1875,0,ff,00
1876,1876,0,ff,00
1877,1877,0,ff,00
1878,1878,0,ff,00
1879,1879,0,ff,00
1880,1880,0,ff,00
1881,1881,0,ff,00
1882,1882,0,ff,00
1883,1883,0,ff,00
1884,1884,0,ff,00
1885,1885,0,ff,00
1886,1886,0,ff,00
1887,1887,0,ff,00
1888,1888,0,ff,00
1889,1889,0,ff,00
1890,1890,0,ff,00
1891,1891,0,ff,00
1892,1892,0,ff,00
1893,1893,0,ff,00
1894,1894,0,ff,00
1895,1895,0,ff,00
1896,1896,0,ff,00
1897,1897,0,ff,00
1898,1898,0,ff,00
1899,1899,0,ff,00
1900,1900,0,ff,00
1901,1901,0,ff,00
1902,1902,0,ff,00
1903,1903,0,ff,00
1904,1904,0,ff,00
1905,1905,0,ff,00
1906,1906,0,ff,00
1907,1907,0,ff,00
1908,1908,0,ff,00
1909,1909,0,ff,00
1910,1910,0,ff,00
1911,1911,0,ff,00
1912,1912,0,ff,00
1913,1913,0,ff,00
1914,1914,0,ff,00
1915,1915,0,ff,00
1916,1916,0,ff,00
1917,1917,0,ff,00
1918,1918,0,ff,00
1919,1919,0,ff,00
1920,1920,0,ff,00
1921,1921,0,ff,00
1922,1922,0,ff,00
1923,1923,0,ff,00
1924,1924,0,ff,00
1925,1925,0,ff,00
1926,1926,0,ff,00
1927,1927,0,ff,00
1928,1928,0,ff,00
1929,1929,0,ff,00
1930,1930,0,ff,00
1931,1931,0,ff,00
1932,1932,0,ff,00
1933,1933,0,ff,00
1934,1934,0,ff,00
1935,1935,0,ff,00
1936,1936,0,ff,00
1937,1937,0,ff,00
1938,1938,0,ff,00
1939,1939,0,ff,00
1940,1940,0,ff,00
1941,1941,0,ff,00
1942,1942,0,ff,00
1943,1943,0,ff,00
1944,1944,0,ff,00
1945,1945,0,ff,00
1946,1946,0,ff,00
1947,1947,0,ff,00
1948,1948,0,ff,00
1949,1949,0,ff,00
1950,1950,0,ff,00
1951,1951,0,ff,00
1952,1952,0,ff,00
1953,1953,0,ff,00
1954,1954,0,ff,00
1955,1955,0,ff,00
1956,1956,0,ff,00
1957,1957,0,ff,00
1958,1958,0,ff,00
1959,1959,0,ff,00
1960,1960,0,ff,00
1961,1961,0,ff,00
1962,1962,0,ff,00
1963,1963,0,ff,00
1964,1964,0,ff,00
1965,1965,0,ff,00
1966,1966,0,ff,00
1967,1967,0,ff,00
1968,1968,0,ff,00
1969,1969,0,ff,00
1970,1970,0,ff,00
1971,1971,0,ff,00
1972,1972,0,ff,00
1973,1973,0,ff,00
1974,1974,0,ff,00
1975,1975,0,ff,00
1976,1976,0,ff,00
1977,1977,0,ff,00
1978,1978,0,ff,00
1979,1979,0,ff,00
1980,1980,0,ff,00
1981,1981,0,ff,00
1982,1982,0,ff,00
1983,1983,0,ff,00
1984,1984,0,ff,00
1985,1985,0,ff,00
1986,1986,0,ff,00
1987,1987,0,ff,00
1988,1988,0,ff,00
1989,1989,0,ff,00
1990,1990,0,ff,00
1991,1991,0,ff,00
1992,1992,0,ff,00
1993,1993,0,ff,00
1994,1994,0,ff,00
1995,1995,0,ff,00
1996,1996,0,ff,00
1997,1997,0,ff,00
1998,1998,0,ff,00
1999,1999,0,ff,00
2000,2000,0,ff,00
2001,2001,0,ff,00
2002,2002,0,ff,00
2003,2003,0,ff,00
2004,2004,0,ff,00
2005,2005,0,ff,00
2006,2006,0,ff,00
2007,2007,0,ff,00
2008,2008,0,ff,00
2009,2009,0,ff,00
2010,2010,0,ff,00
2011,2011,0,ff,00
2012,2012,0,ff,00
2013,2013,0,ff,00
2014,2014,0,ff,00
2015,2015,0,ff,00
2016,2016,0,ff,00
2017,2017,0,ff,00
2018,2018,0,ff,00
2019,2019,0,ff,00
2020,2020,0,ff,00
2021,2021,0,ff,00
2022,2022,0,ff,00
2023,2023,0,ff,00
2024,2024,0,ff,00
2025,2025,0,ff,00
2026,2026,0,ff,00
2027,2027,0,ff,00
2028,2028,0,ff,00
2029,2029,0,ff,00
2030,2030,0,ff,00
2031,2031,0,ff,00
2032,2032,0,ff,00
2033,2033,0,ff,00
2034,2034,0,ff,00
2035,2035,0,ff,00
2036,2036,0,ff,00
2037,2037,0,ff,00
2038,2038,0,ff,00
2039,2039,0,ff,00
2040,2040,0,ff,00
2041,2041,0,ff,00
2042,2042,0,ff,00
2043,2043,0,ff,00
2044,2044,0,ff,00
2045,2045,0,ff,00
2046,2046,0,ff,00
2047,2047,0,ff,00
